Datetime,Water Level (m)
2025-12-15 00:00:00,-0.53583866
2025-12-15 01:00:00,-0.051734272
2025-12-15 02:00:00,0.34161544
2025-12-15 03:00:00,0.5838528
2025-12-15 04:00:00,0.6368247
2025-12-15 05:00:00,0.45089954
2025-12-15 06:00:00,0.025899796
2025-12-15 07:00:00,-0.5639021
2025-12-15 08:00:00,-1.1149279
2025-12-15 09:00:00,-1.5340315
2025-12-15 10:00:00,-1.6372303
2025-12-15 11:00:00,-1.226822
2025-12-15 12:00:00,-0.5071317
2025-12-15 13:00:00,0.18976292
2025-12-15 14:00:00,0.7400593
2025-12-15 15:00:00,1.0585221
2025-12-15 16:00:00,1.185829
2025-12-15 17:00:00,1.0667635
2025-12-15 18:00:00,0.68444586
2025-12-15 19:00:00,0.10943674
2025-12-15 20:00:00,-0.5370957
2025-12-15 21:00:00,-1.1039728
2025-12-15 22:00:00,-1.4906001
2025-12-15 23:00:00,-1.556708
2025-12-16 00:00:00,-1.1797055
2025-12-16 01:00:00,-0.53019494
2025-12-16 02:00:00,0.059926596
2025-12-16 03:00:00,0.52374464
2025-12-16 04:00:00,0.73140645
2025-12-16 05:00:00,0.72161734
2025-12-16 06:00:00,0.45730606
2025-12-16 07:00:00,-0.040869787
2025-12-16 08:00:00,-0.6667124
2025-12-16 09:00:00,-1.2578477
2025-12-16 10:00:00,-1.6542222
2025-12-16 11:00:00,-1.7012583
2025-12-16 12:00:00,-1.1409533
2025-12-16 13:00:00,-0.3489583
2025-12-16 14:00:00,0.3619721
2025-12-16 15:00:00,0.91835517
2025-12-16 16:00:00,1.2134004
2025-12-16 17:00:00,1.3049853
2025-12-16 18:00:00,1.1063405
2025-12-16 19:00:00,0.6188708
2025-12-16 20:00:00,-0.053593375
2025-12-16 21:00:00,-0.75378835
2025-12-16 22:00:00,-1.3613696
2025-12-16 23:00:00,-1.7331538
2025-12-17 00:00:00,-1.712692
2025-12-17 01:00:00,-1.1505256
2025-12-17 02:00:00,-0.42260158
2025-12-17 03:00:00,0.2029936
2025-12-17 04:00:00,0.6342704
2025-12-17 05:00:00,0.7940063
2025-12-17 06:00:00,0.7072814
2025-12-17 07:00:00,0.34701034
2025-12-17 08:00:00,-0.22881863
2025-12-17 09:00:00,-0.8692909
2025-12-17 10:00:00,-1.4717019
2025-12-17 11:00:00,-1.7968892
2025-12-17 12:00:00,-1.6966009
2025-12-17 13:00:00,-0.92567354
2025-12-17 14:00:00,-0.10918004
2025-12-17 15:00:00,0.6285522
2025-12-17 16:00:00,1.1302024
2025-12-17 17:00:00,1.3855189
2025-12-17 18:00:00,1.3821915
2025-12-17 19:00:00,1.036284
2025-12-17 20:00:00,0.4360765
2025-12-17 21:00:00,-0.31712863
2025-12-17 22:00:00,-1.0242683
2025-12-17 23:00:00,-1.6437174
2025-12-18 00:00:00,-1.9143414
2025-12-18 01:00:00,-1.7116511
2025-12-18 02:00:00,-0.93890846
2025-12-18 03:00:00,-0.18888031
2025-12-18 04:00:00,0.41249993
2025-12-18 05:00:00,0.7835135
2025-12-18 06:00:00,0.86786515
2025-12-18 07:00:00,0.67660624
2025-12-18 08:00:00,0.21503487
2025-12-18 09:00:00,-0.42537004
2025-12-18 10:00:00,-1.0980433
2025-12-18 11:00:00,-1.6670429
2025-12-18 12:00:00,-1.8921679
2025-12-18 13:00:00,-1.5099063
2025-12-18 14:00:00,-0.5941552
2025-12-18 15:00:00,0.23518388
2025-12-18 16:00:00,0.97094256
2025-12-18 17:00:00,1.3919966
2025-12-18 18:00:00,1.5556874
2025-12-18 19:00:00,1.4238577
2025-12-18 20:00:00,0.91875213
2025-12-18 21:00:00,0.2067707
2025-12-18 22:00:00,-0.59403396
2025-12-18 23:00:00,-1.3434029
2025-12-19 00:00:00,-1.8605903
2025-12-19 01:00:00,-2.0790994
2025-12-19 02:00:00,-1.5004667
2025-12-19 03:00:00,-0.5964961
2025-12-19 04:00:00,0.1621467
2025-12-19 05:00:00,0.7344497
2025-12-19 06:00:00,0.9608969
2025-12-19 07:00:00,0.9210318
2025-12-19 08:00:00,0.5836169
2025-12-19 09:00:00,-0.0056776637
2025-12-19 10:00:00,-0.711435
2025-12-19 11:00:00,-1.3872263
2025-12-19 12:00:00,-1.858501
2025-12-19 13:00:00,-1.9078438
2025-12-19 14:00:00,-1.1878688
2025-12-19 15:00:00,-0.24068342
2025-12-19 16:00:00,0.6488265
2025-12-19 17:00:00,1.2927982
2025-12-19 18:00:00,1.6284716
2025-12-19 19:00:00,1.6619848
2025-12-19 20:00:00,1.3328131
2025-12-19 21:00:00,0.70776683
2025-12-19 22:00:00,-0.10606053
2025-12-19 23:00:00,-0.93561107
2025-12-20 00:00:00,-1.6563879
2025-12-20 01:00:00,-2.1367345
2025-12-20 02:00:00,-2.0268779
2025-12-20 03:00:00,-1.1144931
2025-12-20 04:00:00,-0.2423049
2025-12-20 05:00:00,0.50819755
2025-12-20 06:00:00,0.93025917
2025-12-20 07:00:00,1.0411928
2025-12-20 08:00:00,0.8575991
2025-12-20 09:00:00,0.38264155
2025-12-20 10:00:00,-0.29186428
2025-12-20 11:00:00,-1.0303991
2025-12-20 12:00:00,-1.6753597
2025-12-20 13:00:00,-2.0708816
2025-12-20 14:00:00,-1.8241006
2025-12-20 15:00:00,-0.8245919
2025-12-20 16:00:00,0.10777714
2025-12-20 17:00:00,0.9769195
2025-12-20 18:00:00,1.513839
2025-12-20 19:00:00,1.7424619
2025-12-20 20:00:00,1.6091534
2025-12-20 21:00:00,1.0931133
2025-12-20 22:00:00,0.37184137
2025-12-20 23:00:00,-0.5003532
2025-12-21 00:00:00,-1.3523078
